Time,Error,Client
Fri Nov 12 12:40:18 2021,Error #2,pid 2117
Fri Nov 12 12:40:18 2021,Error #2,pid 2117
Fri Nov 12 12:40:18 2021,Error #2,pid 2117
Fri Nov 12 17:50:22 2021,Error #2,pid 3972
Fri Nov 12 17:50:22 2021,Error #2,pid 3972
Fri Nov 12 17:50:22 2021,Error #2,pid 3972
Fri Nov 12 19:34:57 2021,Error #2,pid 5477
Fri Nov 12 19:34:57 2021,Error #2,pid 5477
Fri Nov 12 19:34:57 2021,Error #2,pid 5477
Fri Nov 12 19:34:57 2021,Error #2,pid 5477
Fri Nov 12 19:35:01 2021,Error #2,pid 5477
Fri Nov 12 19:35:01 2021,Error #2,pid 5477
Fri Nov 12 19:35:01 2021,Error #2,pid 5477
Fri Nov 12 19:35:02 2021,Error #2,pid 5477
Fri Nov 12 19:35:02 2021,Error #2,pid 5477
Fri Nov 12 19:35:02 2021,Error #2,pid 5477
Fri Nov 12 19:35:02 2021,Error #2,pid 5477
